file,burst_id,dm,input_n_peaks,nt,nf,tsamp_ms,crop_start_ms,crop_end_ms,crop_duration_ms,acf_sigma_ms,acf_resid_rms,peak_count,peak_rate_per_ms,sep_mean_ms,sep_std_ms,sep_cv,peak_width_median_ms,peak_height_max,amplitude_entropy,t90_ms,wavelet_short_energy_ratio,wavelet_spikiness,wavelet_rms,wavelet_max_abs_coeff,wavelet_intermittency,wavelet_mvt_ms,wavelet_char_scale_ms,wavelet_scale_entropy,wavelet_total_excess_energy,wavelet_short_energy,ds_wavelet_short_energy_ratio,ds_wavelet_spikiness,ds_wavelet_char_scale_ms
will_flits_microshot_package/will_microshot_outputs/npz/clustered_n03_r02.npz,clustered_n03_r02,220.0,3,30289,128,0.016,1.856,6.6080000000000005,4.768000000000001,0.15135618021219036,0.06611752133237565,1,0.20973154362416097,,,,0.26919002715752244,22520.578718935925,0.0,0.3779927868483828,0.14117623154528333,8518.962233979779,16040.366835771436,66938.57509856434,4.173132434183824,0.016,0.868560328208134,0.8916099094758064,12337382705.124767,1741745197.4414682,0.14045322563281565,1486.6051998319526,0.976
will_flits_microshot_package/will_microshot_outputs/npz/clustered_n03_r04.npz,clustered_n03_r04,220.0,3,30289,128,0.016,2.208,9.008000000000001,6.816000000000001,0.146968604436033,0.1076289428366383,4,0.5868544600938965,0.8586666666666666,0.8313159581183452,0.9681474667527313,0.12504431791402149,15160.457458286595,0.7841065880071836,2.429062233540593,0.14770996068552644,6219.023498800971,11451.913448133997,45381.55410718206,3.9627922715899184,0.016,4.0,0.8893217505062497,6284139882.656735,928230055.0095751,0.2501778304905434,1937.9353222052403,0.496
will_flits_microshot_package/will_microshot_outputs/npz/clustered_n03_r05.npz,clustered_n03_r05,220.0,3,30289,128,0.016,4.08,8.864,4.800000000000001,0.17092125092151253,0.0713296272448146,2,0.41666666666666646,0.2400000000000002,0.0,0.0,0.12174676377789363,22294.257080589487,0.842536532348936,0.4333452412305965,0.1234900099831894,7241.747611356797,14581.367895761161,57733.81212387361,3.959423597058885,0.016,0.868560328208134,0.889765109192989,10192158700.957745,1258629779.7315226,0.20270722974210562,1710.6481723773747,0.8320000000000001
will_flits_microshot_package/will_microshot_outputs/npz/clustered_n06_r02.npz,clustered_n06_r02,220.0,6,30289,128,0.016,1.872,8.448,6.5920000000000005,0.2175646251580154,0.1197528809852298,6,0.9101941747572813,0.4096,0.09894159893593836,0.24155663802719324,0.14068057003871065,21555.4906501836,0.7549515360934902,2.1517693009656895,0.08410436455122244,7585.975710164347,18515.868932991023,51884.97247654342,2.802189444325582,0.016,4.0,0.8553404253146929,16421604789.944098,1381128635.7695591,0.13571652158993813,1545.4150430150357,1.6480000000000001
will_flits_microshot_package/will_microshot_outputs/npz/clustered_n06_r03.npz,clustered_n06_r03,220.0,6,30289,128,0.016,3.168,7.952,4.8,0.15647237723618718,0.06728238591647329,2,0.4166666666666665,0.4639999999999995,0.0,0.0,0.13700876968852332,23090.099303317566,0.006570019525251677,0.3948004927815356,0.13453536287817847,8434.266475295624,16269.434146024145,67240.51329499854,4.132934968204195,0.016,0.868560328208134,0.8895036152764083,12690227777.315456,1707284399.027875,0.179242845595299,1383.687544324013,0.8320000000000001
will_flits_microshot_package/will_microshot_outputs/npz/clustered_n12_r00.npz,clustered_n12_r00,220.0,12,30289,128,0.016,0.992,9.728,8.752,0.27832178588986567,0.11139954667302696,13,1.4853747714808039,0.37599999999999995,0.3052255996253701,0.8117702117696014,0.017634161615058173,19190.49102432258,0.7198087224395486,4.270364721153708,0.08564078459195902,6063.233485020059,14663.706669596291,58996.12445249337,4.023275000093656,0.016,4.0,0.8613364175598186,10302418270.326744,882307183.8653157,0.1512129386805284,1982.2377720572747,2.176
will_flits_microshot_package/will_microshot_outputs/npz/clustered_n24_r03.npz,clustered_n24_r03,220.0,24,30289,128,0.016,2.464,9.76,7.311999999999999,0.1866385816379511,0.11328206730196695,12,1.6411378555798684,0.27345454545454545,0.31349419702802783,1.146421598174304,0.016853775068963,20781.54116190101,0.8394907721058019,2.69558708522589,0.08772006154686524,7838.466582792786,18733.776440900452,69023.9846275963,3.6844671892688936,0.016,4.0,0.8536473413228893,16810263823.5185,1474597377.2180848,0.15167591341267447,2205.914470776832,1.824
will_flits_microshot_package/will_microshot_outputs/npz/dense_n06_r03.npz,dense_n06_r03,220.0,6,30289,128,0.016,2.7840000000000003,10.016,7.247999999999999,0.1706376468403193,0.07426238192748486,7,0.965783664459161,0.4506666666666666,0.32481926598580263,0.7207528091400947,0.1536018763051924,19153.129499645536,0.8734403546331357,2.8257859214544307,0.09572030004614172,7064.05497735737,16165.997277390392,46952.51338006857,2.9043994363240366,0.016,4.0,0.8521270410973713,12511671205.662983,1197620921.8847325,0.11988374079944525,1905.9221118037055,1.808
will_flits_microshot_package/will_microshot_outputs/npz/dense_n12_r02.npz,dense_n12_r02,220.0,12,30289,128,0.016,2.912,9.712,6.816,0.22023001638322942,0.1040150272803082,5,0.7335680751173708,0.5800000000000001,0.2505354266366335,0.4319576321321266,0.1865528138039171,21635.71566387176,0.6487868057771276,2.2097817688209185,0.08776454771879266,6340.744872339265,15148.127015272748,53418.983304073925,3.526441470302927,0.016,1.5627877195124584,0.8614605572618558,10994428775.039013,964921068.8677787,0.18811767987068057,991.5766712431035,1.696
will_flits_microshot_package/will_microshot_outputs/npz/moderate_n03_r00.npz,moderate_n03_r00,220.0,3,30289,128,0.016,1.9040000000000001,9.168000000000001,7.280000000000001,0.14675263699247684,0.11418789344921618,7,0.9615384615384611,0.49866666666666665,0.7712938624300225,1.5467122909692965,0.010766922484065912,21413.71021853033,0.5626138786790308,2.881725153003761,0.1542245895587954,7499.960006496313,13513.141734753628,62739.06390769198,4.6428184606646425,0.016,0.6866888387671076,0.8917868838299677,8753374430.087189,1349985578.7346513,0.1711500830630648,754.5148793051729,0.64
will_flits_microshot_package/will_microshot_outputs/npz/moderate_n03_r04.npz,moderate_n03_r04,220.0,3,30289,128,0.016,2.944,8.8,5.872000000000001,0.1588403978351664,0.08163095082968375,5,0.8514986376021795,0.4079999999999999,0.23906484475974338,0.5859432469601554,0.021197546093576065,23563.057546618817,0.6418876471760318,1.491357282715727,0.12398406781880011,8080.288044799253,16239.545669804527,67039.4952423098,4.128163226078525,0.016,3.556640676793156,0.8867818840829433,12638602048.149736,1566985293.4726229,0.1699287718279256,906.5722471221621,1.456
will_flits_microshot_package/will_microshot_outputs/npz/moderate_n06_r00.npz,moderate_n06_r00,220.0,6,30289,128,0.016,2.432,10.064,7.648,0.4916132018300887,0.0852904464150417,10,1.307531380753138,0.3786666666666667,0.317501356077594,0.8384718910499841,0.1399358285214482,17146.723003514624,0.8610322247432576,3.195877045926178,0.06977683232296801,6154.85413321247,16494.317945634426,53244.91073825057,3.2280759297684676,0.016,4.0,0.8372323322844298,13029732820.264858,909173482.2126942,0.12208656610155075,1403.7646590559075,1.9040000000000001
will_flits_microshot_package/will_microshot_outputs/npz/moderate_n06_r02.npz,moderate_n06_r02,220.0,6,30289,128,0.016,2.64,9.776,7.151999999999999,0.5636500995032273,0.11883604633211545,9,1.2583892617449663,0.3340000000000001,0.06618156843109721,0.1981484084763389,0.09998173539850841,20711.083134950077,0.6619068803402041,2.600263834136056,0.0891326484301659,6649.5073748534305,15765.640009440467,49275.773770593674,3.1255168671292335,0.016,4.0,0.8456894725479799,11905656958.202618,1061182735.9856322,0.18446250375055478,1500.9327216377917,1.776
will_flits_microshot_package/will_microshot_outputs/npz/moderate_n06_r04.npz,moderate_n06_r04,220.0,6,30289,128,0.016,2.2720000000000002,11.024000000000001,8.768,0.14902199101358224,0.11183585028754078,12,1.368613138686131,0.41600000000000004,0.3228959866300884,0.776192275553097,0.0670532129933797,17835.002671712584,0.7608354686272986,4.321506055887297,0.12040578327015214,6489.395342145734,13240.713084468398,43900.95707272165,3.3156036833256572,0.016,4.0,0.8732383369574963,8394065422.101301,1010694021.9690074,0.11348952971948312,1226.5239097942122,2.192
will_flits_microshot_package/will_microshot_outputs/npz/moderate_n12_r00.npz,moderate_n12_r00,220.0,12,30289,128,0.016,2.32,9.504,7.199999999999999,0.8041840077138793,0.14254419767590734,12,1.6666666666666665,0.27490909090909094,0.2070263288242496,0.7530719633157227,0.12687993662450128,19909.686236612062,0.9081100366556537,2.607597337164404,0.054594010340135994,7933.8158865597825,24042.188083663328,77864.05528600834,3.23864263165452,0.016,4.0,0.7892002168676253,27671358001.542862,1510690404.861836,0.12486536298831412,2202.9727292260613,1.792
will_flits_microshot_package/will_microshot_outputs/npz/moderate_n24_r00.npz,moderate_n24_r00,220.0,24,30289,128,0.016,1.872,12.192,10.336,1.3307612271000293,0.07584777671597547,27,2.612229102167182,0.23753846153846153,0.30001246522426495,1.2630058445322034,0.02069003079363351,11811.000643512089,0.8990448994898396,4.009803206711974,0.03923217853247711,4447.360399118173,15897.0035990778,60006.66022789432,3.7747151438888364,0.016,4.0,0.7430282442546775,12099667739.065884,474696324.92268646,0.145326351999815,1982.473985510522,2.576
will_flits_microshot_package/will_microshot_outputs/npz/quasiperiodic_n36_r00.npz,quasiperiodic_n36_r00,220.0,36,30289,128,0.016,0.0,13.120000000000001,13.136000000000001,1.42816377687664,0.09915698935572745,92,7.003654080389767,0.1084835164835165,0.0980528409501916,0.9038501343666363,0.013419212059193934,10725.273732536414,0.9604340747181123,8.061804536463312,0.06070113555352712,3527.5752756172938,10141.83098757469,52779.16723178091,5.204106368607753,0.016,4.0,0.6804214623297676,4920021185.542903,298650872.90986496,0.06917233664849,1801.022642838761,3.2800000000000002
will_flits_microshot_package/will_microshot_outputs/npz/quasiperiodic_n36_r02.npz,quasiperiodic_n36_r02,220.0,36,30289,128,0.016,0.0,12.96,12.976,0.3720499580629918,0.09306947355216678,84,6.4734895191122055,0.11816867469879518,0.09837484486932037,0.8324951186942895,0.015190936945448465,9467.726253569992,0.957438201815836,8.687609553187635,0.06664174842289398,2975.6855822000675,8167.52286871939,39384.663123879174,4.822106256318865,0.016,4.0,0.7521421920580245,3188885268.446434,212512889.80928,0.04626094353100891,2520.0417183026675,3.232
will_flits_microshot_package/will_microshot_outputs/npz/quasiperiodic_n36_r03.npz,quasiperiodic_n36_r03,220.0,36,30289,128,0.016,0.0,13.056000000000001,13.072000000000001,0.14190840051519993,0.1344804680304798,80,6.119951040391675,0.12496202531645571,0.1098845703958839,0.8793437055586332,0.014038320141762577,10155.997669464277,0.9635033692376145,8.6251046170807,0.06956772135378449,3093.853989675558,8305.780042177379,42505.74331227139,5.117610037398535,0.016,4.0,0.7002968561822376,3302197528.441557,229726357.51377806,0.04650169819684374,1853.9434737751926,3.2640000000000002
will_flits_microshot_package/will_microshot_outputs/npz/sparse_n03_r03.npz,sparse_n03_r03,220.0,3,30289,128,0.016,2.7680000000000002,11.536,8.783999999999999,0.126045814981749,0.1116452465335273,3,0.34153005464480873,2.1119999999999997,1.8240000000000012,0.8636363636363643,0.1887049152777947,12463.141645112297,0.9283630555887421,4.395923658777762,0.18043629511085002,3496.392872880795,5824.627553843521,30728.35827091901,5.275591956200213,0.016,0.9768322494599269,0.8937304725266887,1626027021.026363,293394291.4241291,0.2068731039986036,8057.201936594635,0.928
will_flits_microshot_package/will_microshot_outputs/npz/sparse_n06_r01.npz,sparse_n06_r01,220.0,6,30289,128,0.016,0.0,11.072000000000001,11.088000000000001,0.2857751279183345,0.0745617925057381,6,0.541125541125541,1.4944000000000002,2.56281045729098,1.714942757823193,0.15217455922642964,20321.09998575327,0.9207961120183525,7.604854181150316,0.11913885612622868,5242.775274643056,10742.459182740464,47855.85595705718,4.454832468337,0.016,1.7575997819622826,0.8816068685168722,5537073459.776501,659680598.2846718,0.13154089076631312,3785.838430789075,1.776
will_flits_microshot_package/will_microshot_outputs/npz/sparse_n12_r01.npz,sparse_n12_r01,220.0,12,30289,128,0.016,0.0,12.976,12.992,0.14488463841944046,0.1057830914898997,20,1.5394088669950736,0.49263157894736836,0.6180570754197823,1.2546030377110966,0.015362567194434077,14366.699176507254,0.8519161355561525,9.052394775055511,0.13636775815757407,4025.5621604384723,7718.433213080582,36285.71849028265,4.701176714049752,0.016,4.0,0.8816502106420346,2852020145.2107663,388923593.422631,0.1984429751547316,2458.7782757535456,0.4
will_flits_microshot_package/will_microshot_outputs/npz/sparse_n24_r03.npz,sparse_n24_r03,220.0,24,30289,128,0.016,0.0,12.912,12.928,0.1556972900392308,0.08092824155217344,36,2.7846534653465342,0.26742857142857146,0.23603804605121062,0.8826208986957661,0.018744787962663673,16028.601170356033,0.8624931468017192,8.33548980847413,0.10366570703593067,4879.237448800199,10737.777412826392,45859.831068315085,4.270886730575642,0.016,4.0,0.8552072413676198,5511629518.451126,571366970.950342,0.13079872887838553,1686.6720600428002,3.232
will_flits_microshot_package/will_microshot_outputs/npz/sparse_n36_r00.npz,sparse_n36_r00,220.0,36,30289,128,0.016,0.0,12.88,12.896,0.15064764454302468,0.08873486330680964,57,4.419975186104217,0.16685714285714287,0.11493529679336802,0.6888245526999794,0.013584301152604596,11204.135321378846,0.8856946154034807,8.267951651797286,0.09558635331832513,4106.901405414281,9406.289829058971,42512.21433789689,4.51955182228846,0.016,4.0,0.7942941707651213,4234907000.555888,404799316.82538366,0.08181814583133089,1470.0982097848762,3.216
will_flits_microshot_package/will_microshot_outputs/npz/sparse_n36_r03.npz,sparse_n36_r03,220.0,36,30289,128,0.016,0.0,12.928,12.944,0.1977569116380243,0.08909775185407894,64,4.944375772558714,0.15390476190476193,0.16535615379045282,1.0744057022275708,0.01180677456303097,13525.928108176546,0.9219236246651556,9.037375598474009,0.08472544998944757,4621.0699889677635,11249.601893600819,47120.472361944194,4.188634656373753,0.016,4.0,0.8244983282263318,6048983921.202757,512502884.70283663,0.11838176425663713,3487.8838711977523,3.232
will_flits_microshot_package/will_microshot_outputs/npz/sparse_n36_r05.npz,sparse_n36_r05,220.0,36,30289,128,0.016,0.0,12.896,12.912,0.16429410144670875,0.0817262555639116,74,5.731102850061957,0.1317260273972603,0.13387924023690229,1.0163461457252354,0.01448493157063129,9637.373562696364,0.9126593205193055,7.629878741906433,0.08740630285937907,4276.250296371761,10240.820307769289,46513.52838238937,4.541972906906829,0.016,4.0,0.78830569620748,5021051812.655655,438871575.40961444,0.06704282466627788,2712.727398864758,3.216
